,x,s,y,Demanda,ObjVal,ObjBound,RunTime,NodeCount,Status
0,"[179.1986312866211, 0.0, 180.89714813232263, 1.5914880918941628e-12, 183.52899932861328, 0.0, 186.982177734375, 0.0, 191.10393524169922, 0.0, 195.69896697998047, 0.0, 99.65690612792969, 100.87406921386719, 102.0783462524414, 103.25143432617188, 104.37480163574219]","[89.7499771118164, 0.0, 90.72138977050622, 0.0, 92.14790344238281, 0.0, 93.96859741210938, 0.0, 96.10184478759766, 0.0, 98.44465637207031, 0.0, 0.0, 0.0, 0.0, 0.0, 0.0]","[1.0, 0.0, 1.0, 0.0, 1.0, 0.0, 1.0, 0.0, 1.0, 0.0, 1.0, 0.0, 1.0, 1.0, 1.0, 1.0, 1.0]","[89.44865417480469, 89.7499771118164, 90.1757583618164, 90.72138977050781, 91.38109588623047, 92.14790344238281, 93.01358032226562, 93.96859741210938, 95.00209045410156, 96.10184478759766, 97.25431060791016, 98.44465637207031, 99.65690612792969, 100.87406921386719, 102.0783462524414, 103.25143432617188, 104.37480163574219]",35875.17706298828,35875.17706298828,0.009000062942504883,1.0,1
1,"[178.8308563232422, 0.0, 179.360549926756, 1.824552058423866e-12, 183.06163024902344, 0.0, 189.0579605102539, 0.0, 193.16333770751953, 0.0, 195.6879425048828, 0.0, 99.66363525390625, 100.67361450195312, 101.88075256347656, 102.76300048828125, 103.86730194091797]","[89.48824310302734, 0.0, 89.79827880859193, 0.0, 92.59644317626953, 0.0, 94.65816497802734, 0.0, 97.03313446044922, 0.0, 98.4118881225586, 0.0, 0.0, 0.0, 0.0, 0.0, 0.0]","[1.0, 0.0, 1.0, 0.0, 1.0, 0.0, 1.0, 0.0, 1.0, 0.0, 1.0, 0.0, 1.0, 1.0, 1.0, 1.0, 1.0]","[89.34261322021484, 89.48824310302734, 89.56227111816406, 89.79827880859375, 90.4651870727539, 92.59644317626953, 94.39979553222656, 94.65816497802734, 96.13020324707031, 97.03313446044922, 97.27605438232422, 98.4118881225586, 99.66363525390625, 100.67361450195312, 101.88075256347656, 102.76300048828125, 103.86730194091797]",35884.18394470215,35884.18394470215,0.009000062942504883,1.0,1
2,"[177.8769073486328, 0.0, 179.40273284911905, 2.0451785832344388e-12, 183.38609313964844, 0.0, 188.27214813232422, 0.0, 192.5385513305664, 0.0, 196.28543090820312, 0.0, 199.02587127685547, 0.0, 100.80780792236328, 103.12283325195312, 103.9139404296875]","[88.89714050292969, 0.0, 90.2951049804667, 0.0, 92.72038269042969, 0.0, 94.68694305419922, 0.0, 96.67526245117188, 0.0, 98.6716079711914, 0.0, 99.84001159667969, 0.0, 0.0, 0.0, 0.0]","[1.0, 0.0, 1.0, 0.0, 1.0, 0.0, 1.0, 0.0, 1.0, 0.0, 1.0, 0.0, 1.0, 0.0, 1.0, 1.0, 1.0]","[88.97976684570312, 88.89714050292969, 89.10762786865234, 90.29510498046875, 90.66571044921875, 92.72038269042969, 93.585205078125, 94.68694305419922, 95.86328887939453, 96.67526245117188, 97.61382293701172, 98.6716079711914, 99.18585968017578, 99.84001159667969, 100.80780792236328, 103.12283325195312, 103.9139404296875]",35816.21923828125,35816.20698648509,0.009000062942504883,1.0,1
3,"[178.99062347411873, 4.411830767469326e-12, 180.07046508788477, 3.709033080667723e-12, 182.0021133422847, 0.0, 186.7697296142569, 9.094947017729282e-13, 192.40538787841774, 0.0, 196.23234558105446, 0.0, 99.28941345214844, 100.74072265625, 101.41702270507812, 102.74713134765625, 103.64718627929688]","[89.35073089599373, 2.124382091762868e-12, 90.01266479491817, 0.0, 91.55253601074173, 0.0, 94.19699096679597, 0.0, 96.72431945800759, 0.0, 97.79296112060524, 0.0, 0.0, 0.0, 0.0, 0.0, 0.0]","[1.0, 0.0, 1.0, 0.0, 1.0, 0.0, 1.0, 0.0, 1.0, 0.0, 1.0, 0.0, 1.0, 1.0, 1.0, 1.0, 1.0]","[89.639892578125, 89.3507308959961, 90.05780029296875, 90.01266479492188, 90.44957733154297, 91.55253601074219, 92.57273864746094, 94.19699096679688, 95.68106842041016, 96.72431945800781, 98.43938446044922, 97.79296112060547, 99.28941345214844, 100.74072265625, 101.41702270507812, 102.74713134765625, 103.64718627929688]",35805.50323486325,35805.50323486325,0.008999824523925781,1.0,1
4,"[179.2455291748047, 0.0, 180.92582702636514, 2.0349521550857475e-12, 183.59102630615234, 0.0, 187.03118133544922, 0.0, 191.1294403076172, 0.0, 195.7289581298828, 0.0, 99.67847442626953, 100.89923858642578, 102.0908432006836, 103.2608642578125, 104.38768768310547]","[89.7647476196289, 0.0, 90.73320007324016, 0.0, 92.18328094482422, 0.0, 93.9791259765625, 0.0, 96.09722137451172, 0.0, 98.4473876953125, 0.0, 0.0, 0.0, 0.0, 0.0, 0.0]","[1.0, 0.0, 1.0, 0.0, 1.0, 0.0, 1.0, 0.0, 1.0, 0.0, 1.0, 0.0, 1.0, 1.0, 1.0, 1.0, 1.0]","[89.48078155517578, 89.7647476196289, 90.192626953125, 90.73320007324219, 91.40774536132812, 92.18328094482422, 93.05205535888672, 93.9791259765625, 95.03221893310547, 96.09722137451172, 97.28157043457031, 98.4473876953125, 99.67847442626953, 100.89923858642578, 102.0908432006836, 103.2608642578125, 104.38768768310547]",35881.79133605957,35881.79133605957,0.009000062942504883,1.0,1
5,"[178.48395538330078, 0.0, 180.27632904052575, 1.594612232215313e-12, 183.35365295410156, 0.0, 187.8015594482422, 0.0, 191.6271514892578, 0.0, 195.96822357177734, 0.0, 99.72120666503906, 100.90470886230469, 102.08443450927734, 103.2409439086914, 104.35435485839844]","[89.41847229003906, 0.0, 90.32773590087731, 0.0, 92.20350646972656, 0.0, 94.34771728515625, 0.0, 96.32697296142578, 0.0, 98.55245208740234, 0.0, 0.0, 0.0, 0.0, 0.0, 0.0]","[1.0, 0.0, 1.0, 0.0, 1.0, 0.0, 1.0, 0.0, 1.0, 0.0, 1.0, 0.0, 1.0, 1.0, 1.0, 1.0, 1.0]","[89.06548309326172, 89.41847229003906, 89.94859313964844, 90.3277359008789, 91.150146484375, 92.20350646972656, 93.45384216308594, 94.34771728515625, 95.30017852783203, 96.32697296142578, 97.415771484375, 98.55245208740234, 99.72120666503906, 100.90470886230469, 102.08443450927734, 103.2409439086914, 104.35435485839844]",35878.68412780762,35878.68412780762,0.008999824523925781,1.0,1
6,"[179.30039978027344, 0.0, 179.73522949218568, 1.8199227896247558e-12, 184.07146453857422, 0.0, 187.86785125732422, 0.0, 191.11231231689453, 0.0, 196.38192749023438, 0.0, 99.67682647705078, 100.17163848876953, 101.66337585449219, 102.73670196533203, 104.18177795410156]","[89.57484436035156, 0.0, 90.56026458740052, 0.0, 92.05319213867188, 0.0, 94.28953552246094, 0.0, 95.86164093017578, 0.0, 98.79718780517578, 0.0, 0.0, 0.0, 0.0, 0.0, 0.0]","[1.0, 0.0, 1.0, 0.0, 1.0, 0.0, 1.0, 0.0, 1.0, 0.0, 1.0, 0.0, 1.0, 1.0, 1.0, 1.0, 1.0]","[89.72555541992188, 89.57484436035156, 89.17496490478516, 90.56026458740234, 92.01827239990234, 92.05319213867188, 93.57831573486328, 94.28953552246094, 95.25067138671875, 95.86164093017578, 97.5847396850586, 98.79718780517578, 99.67682647705078, 100.17163848876953, 101.66337585449219, 102.73670196533203, 104.18177795410156]",35860.263442993164,35860.263442993164,0.009000062942504883,1.0,1
7,"[178.90162658691406, 0.0, 180.5679016113263, 1.8189528376697569e-12, 183.42865753173828, 0.0, 187.34073638916016, 0.0, 191.9011993408203, 0.0, 195.68596649169922, 0.0, 99.31552124023438, 100.22660827636719, 101.52169036865234, 102.75432586669922, 104.14019775390625]","[89.59071350097656, 0.0, 90.5119934082013, 0.0, 92.13340759277344, 0.0, 94.22022247314453, 0.0, 96.38349914550781, 0.0, 98.30018615722656, 0.0, 0.0, 0.0, 0.0, 0.0, 0.0]","[1.0, 0.0, 1.0, 0.0, 1.0, 0.0, 1.0, 0.0, 1.0, 0.0, 1.0, 0.0, 1.0, 1.0, 1.0, 1.0, 1.0]","[89.3109130859375, 89.59071350097656, 90.055908203125, 90.51199340820312, 91.29524993896484, 92.13340759277344, 93.12051391601562, 94.22022247314453, 95.5177001953125, 96.38349914550781, 97.38578033447266, 98.30018615722656, 99.31552124023438, 100.22660827636719, 101.52169036865234, 102.75432586669922, 104.14019775390625]",35837.968673706055,35837.968673706055,0.008999824523925781,1.0,1
8,"[178.86115264892578, 0.0, 179.62386322021302, 1.8179119408962547e-12, 183.5531768798828, 0.0, 188.48353576660156, 0.0, 192.4438934326172, 0.0, 195.97949981689453, 0.0, 99.61233520507812, 100.60101318359375, 101.78004455566406, 102.99501037597656, 104.16017150878906]","[89.48645782470703, 0.0, 89.96309661865052, 0.0, 92.64978790283203, 0.0, 94.69155883789062, 0.0, 96.62663269042969, 0.0, 98.5762710571289, 0.0, 0.0, 0.0, 0.0, 0.0, 0.0]","[1.0, 0.0, 1.0, 0.0, 1.0, 0.0, 1.0, 0.0, 1.0, 0.0, 1.0, 0.0, 1.0, 1.0, 1.0, 1.0, 1.0]","[89.37469482421875, 89.48645782470703, 89.6607666015625, 89.96309661865234, 90.90338897705078, 92.64978790283203, 93.79197692871094, 94.69155883789062, 95.8172607421875, 96.62663269042969, 97.40322875976562, 98.5762710571289, 99.61233520507812, 100.60101318359375, 101.78004455566406, 102.99501037597656, 104.16017150878906]",35885.86154174805,35885.86154174805,0.009000062942504883,1.0,1
9,"[179.09110260009766, 0.0, 180.74150848388467, 2.04288555707855e-12, 183.5042953491211, 0.0, 186.9765853881836, 0.0, 191.17139434814453, 0.0, 195.80388641357422, 0.0, 99.66764068603516, 100.91386413574219, 102.10968780517578, 103.2735366821289, 104.38758087158203]","[89.68022155761719, 0.0, 90.63821411132608, 0.0, 92.15324401855469, 0.0, 93.98085021972656, 0.0, 96.14707946777344, 0.0, 98.48909759521484, 0.0, 0.0, 0.0, 0.0, 0.0, 0.0]","[1.0, 0.0, 1.0, 0.0, 1.0, 0.0, 1.0, 0.0, 1.0, 0.0, 1.0, 0.0, 1.0, 1.0, 1.0, 1.0, 1.0]","[89.41088104248047, 89.68022155761719, 90.1032943725586, 90.63821411132812, 91.3510513305664, 92.15324401855469, 92.99573516845703, 93.98085021972656, 95.0243148803711, 96.14707946777344, 97.31478881835938, 98.48909759521484, 99.66764068603516, 100.91386413574219, 102.10968780517578, 103.2735366821289, 104.38758087158203]",35874.99906921387,35874.99906921387,0.00800013542175293,1.0,1
10,"[179.14850616455078, 0.0, 180.78807830810365, 1.8123842645722985e-12, 183.77533721923828, 0.0, 187.0604248046875, 0.0, 191.02125549316406, 0.0, 195.51885223388672, 0.0, 99.5789794921875, 100.80589294433594, 102.02062225341797, 103.20437622070312, 104.33818054199219]","[89.72564697265625, 0.0, 90.6861877441388, 0.0, 92.14929962158203, 0.0, 93.9957504272461, 0.0, 96.04126739501953, 0.0, 98.35812377929688, 0.0, 0.0, 0.0, 0.0, 0.0, 0.0]","[1.0, 0.0, 1.0, 0.0, 1.0, 0.0, 1.0, 0.0, 1.0, 0.0, 1.0, 0.0, 1.0, 1.0, 1.0, 1.0, 1.0]","[89.42285919189453, 89.72564697265625, 90.10189056396484, 90.68618774414062, 91.62603759765625, 92.14929962158203, 93.0646743774414, 93.9957504272461, 94.97998809814453, 96.04126739501953, 97.16072845458984, 98.35812377929688, 99.5789794921875, 100.80589294433594, 102.02062225341797, 103.20437622070312, 104.33818054199219]",35867.12266540527,35867.12266540527,0.008999824523925781,1.0,1
11,"[177.61279296875, 0.0, 179.0029373168927, 1.819501313401924e-12, 181.5951690673828, 0.0, 187.3594207763672, 0.0, 192.3197479248047, 0.0, 195.94818878173828, 0.0, 99.59854125976562, 101.00390625, 101.98555755615234, 102.7578125, 104.08613586425781]","[88.72615814208984, 0.0, 89.54966735839662, 0.0, 91.4716796875, 0.0, 94.0213623046875, 0.0, 96.69686889648438, 0.0, 98.17596435546875, 0.0, 0.0, 0.0, 0.0, 0.0, 0.0]","[1.0, 0.0, 1.0, 0.0, 1.0, 0.0, 1.0, 0.0, 1.0, 0.0, 1.0, 0.0, 1.0, 1.0, 1.0, 1.0, 1.0]","[88.88663482666016, 88.72615814208984, 89.4532699584961, 89.54966735839844, 90.12348937988281, 91.4716796875, 93.33805847167969, 94.0213623046875, 95.62287902832031, 96.69686889648438, 97.77222442626953, 98.17596435546875, 99.59854125976562, 101.00390625, 101.98555755615234, 102.7578125, 104.08613586425781]",35782.68760681152,35782.68760681152,0.009999990463256836,1.0,1
12,"[176.89136505126908, 0.0, 178.60826873779115, 0.0, 181.10122680664387, 0.0, 185.85807800293406, 0.0, 192.50399780274006, 0.0, 196.27341461182218, 0.0, 99.06578063965148, 100.54863739013672, 101.82689666748047, 102.7647705078125, 103.81676483154297]","[88.44458770751908, 0.0, 89.2408752441388, 0.0, 91.21073913574362, 0.0, 93.32820129394729, 0.0, 96.8202056884793, 0.0, 98.48724365234654, 0.0, 0.0, 0.0, 0.0, 0.0, 0.0]","[1.0, 0.0, 1.0, 0.0, 1.0, 0.0, 1.0, 0.0, 1.0, 0.0, 1.0, 0.0, 1.0, 1.0, 1.0, 1.0, 1.0]","[88.44677734375, 88.44458770751953, 89.36739349365234, 89.24087524414062, 89.89048767089844, 91.21073913574219, 92.52987670898438, 93.32820129394531, 95.68379211425781, 96.82020568847656, 97.78617095947266, 98.48724365234375, 99.06578063964844, 100.54863739013672, 101.82689666748047, 102.7647705078125, 103.81676483154297]",35700.247726440844,35700.247726440844,0.009000062942504883,1.0,1
13,"[178.1030731201172, 0.0, 180.49571990966638, 1.5900102837484524e-12, 183.0100326538086, 0.0, 187.49368286132812, 0.0, 191.89661407470703, 0.0, 196.5184783935547, 0.0, 99.77350616455078, 100.88904571533203, 102.2776107788086, 103.60841369628906, 104.36962890625]","[89.28177642822266, 0.0, 90.63713836669763, 0.0, 92.1834945678711, 0.0, 93.98078155517578, 0.0, 96.58084869384766, 0.0, 98.7486801147461, 0.0, 0.0, 0.0, 0.0, 0.0, 0.0]","[1.0, 0.0, 1.0, 0.0, 1.0, 0.0, 1.0, 0.0, 1.0, 0.0, 1.0, 0.0, 1.0, 1.0, 1.0, 1.0, 1.0]","[88.82129669189453, 89.28177642822266, 89.85858154296875, 90.63713836669922, 90.8265380859375, 92.1834945678711, 93.51290130615234, 93.98078155517578, 95.31576538085938, 96.58084869384766, 97.7697982788086, 98.7486801147461, 99.77350616455078, 100.88904571533203, 102.2776107788086, 103.60841369628906, 104.36962890625]",35891.541564941406,35891.541564941406,0.009000062942504883,1.0,1
14,"[178.03137969970638, 0.0, 180.141555786131, 0.0, 183.70331573486646, 0.0, 187.82543945312915, 0.0, 192.60852813721232, 0.0, 195.91890716553323, 0.0, 99.52242279053046, 100.37088775634766, 101.7204818725586, 102.85261535644531, 104.06182098388672]","[89.06999206542903, 0.0, 90.0840377807599, 0.0, 92.57379913330215, 0.0, 94.34683990478699, 0.0, 96.7004241943385, 0.0, 98.6120986938505, 0.0, 0.0, 0.0, 0.0, 0.0, 0.0]","[1.0, 0.0, 1.0, 0.0, 1.0, 0.0, 1.0, 0.0, 1.0, 0.0, 1.0, 0.0, 1.0, 1.0, 1.0, 1.0, 1.0]","[88.96138763427734, 89.06999206542969, 90.0575180053711, 90.08403778076172, 91.1295166015625, 92.57379913330078, 93.47859954833984, 94.34683990478516, 95.9081039428711, 96.70042419433594, 97.30680847167969, 98.61209869384766, 99.52242279052734, 100.37088775634766, 101.7204818725586, 102.85261535644531, 104.06182098388672]",35857.92147827188,35857.921478271455,0.008999824523925781,1.0,1
15,"[178.6062240600586, 0.0, 179.88411712646302, 1.8202883247862343e-12, 182.37489318847656, 0.0, 186.41410064697266, 0.0, 192.43812561035156, 0.0, 196.08977508544922, 0.0, 99.94882202148438, 101.19611358642578, 101.40374755859375, 102.2007064819336, 104.53150177001953]","[89.37591552734375, 0.0, 90.08071136474427, 0.0, 91.62310028076172, 0.0, 92.63233947753906, 0.0, 97.1663589477539, 0.0, 97.54957580566406, 0.0, 0.0, 0.0, 0.0, 0.0, 0.0]","[1.0, 0.0, 1.0, 0.0, 1.0, 0.0, 1.0, 0.0, 1.0, 0.0, 1.0, 0.0, 1.0, 1.0, 1.0, 1.0, 1.0]","[89.23030853271484, 89.37591552734375, 89.80340576171875, 90.0807113647461, 90.75179290771484, 91.62310028076172, 93.7817611694336, 92.63233947753906, 95.27176666259766, 97.1663589477539, 98.54019927978516, 97.54957580566406, 99.94882202148438, 101.19611358642578, 101.40374755859375, 102.2007064819336, 104.53150177001953]",35818.61854553223,35818.61854553223,0.009000062942504883,1.0,1
16,"[178.33191680908203, 0.0, 179.68251800536927, 1.8218196559153994e-12, 182.21964263916016, 0.0, 187.67715454101562, 0.0, 192.4328842163086, 0.0, 195.99480438232422, 0.0, 99.37755584716797, 100.48359680175781, 101.54232025146484, 102.9947509765625, 104.12364196777344]","[89.02799224853516, 0.0, 90.15650177001771, 0.0, 92.46111297607422, 0.0, 94.27731323242188, 0.0, 96.62378692626953, 0.0, 98.56028747558594, 0.0, 0.0, 0.0, 0.0, 0.0, 0.0]","[1.0, 0.0, 1.0, 0.0, 1.0, 0.0, 1.0, 0.0, 1.0, 0.0, 1.0, 0.0, 1.0, 1.0, 1.0, 1.0, 1.0]","[89.30392456054688, 89.02799224853516, 89.52601623535156, 90.15650177001953, 89.75852966308594, 92.46111297607422, 93.39984130859375, 94.27731323242188, 95.80909729003906, 96.62378692626953, 97.43451690673828, 98.56028747558594, 99.37755584716797, 100.48359680175781, 101.54232025146484, 102.9947509765625, 104.12364196777344]",35819.42971801758,35819.42971801758,0.009000062942504883,1.0,1
17,"[178.8890075683589, 0.0, 178.33258056640443, 0.0, 184.31553649902662, 0.0, 188.69892883301196, 0.0, 192.49929809570858, 0.0, 195.6466827392634, 0.0, 99.61387634277641, 100.5865478515625, 101.77525329589844, 102.9832992553711, 104.14472961425781]","[89.39136505126905, 0.0, 89.20920562743959, 0.0, 92.61106872558729, 0.0, 95.17824554443546, 0.0, 96.58010864258078, 0.0, 98.33450317383083, 0.0, 0.0, 0.0, 0.0, 0.0, 0.0]","[1.0, 0.0, 1.0, 0.0, 1.0, 0.0, 1.0, 0.0, 1.0, 0.0, 1.0, 0.0, 1.0, 1.0, 1.0, 1.0, 1.0]","[89.49764251708984, 89.39136505126953, 89.12337493896484, 89.2092056274414, 91.7044677734375, 92.61106872558594, 93.52068328857422, 95.1782455444336, 95.919189453125, 96.58010864257812, 97.31217956542969, 98.33450317382812, 99.61387634277344, 100.5865478515625, 101.77525329589844, 102.9832992553711, 104.14472961425781]",35872.32380676309,35872.32380676309,0.008999824523925781,1.0,1
18,"[178.84821319580078, 0.0, 178.9100646972638, 1.8089507141671634e-12, 181.6500244140625, 0.0, 186.63874053955078, 0.0, 192.20117950439453, 0.0, 197.03897094726562, 0.0, 99.35424041748047, 100.62458801269531, 101.964111328125, 103.15995025634766, 104.27279663085938]","[89.25540161132812, 0.0, 89.51957702636538, 0.0, 91.354248046875, 0.0, 93.81321716308594, 0.0, 96.90374755859375, 0.0, 98.5641098022461, 0.0, 0.0, 0.0, 0.0, 0.0, 0.0]","[1.0, 0.0, 1.0, 0.0, 1.0, 0.0, 1.0, 0.0, 1.0, 0.0, 1.0, 0.0, 1.0, 1.0, 1.0, 1.0, 1.0]","[89.59281158447266, 89.25540161132812, 89.39048767089844, 89.51957702636719, 90.2957763671875, 91.354248046875, 92.82552337646484, 93.81321716308594, 95.29743194580078, 96.90374755859375, 98.47486114501953, 98.5641098022461, 99.35424041748047, 100.62458801269531, 101.964111328125, 103.15995025634766, 104.27279663085938]",35812.078201293945,35812.078201293945,0.009000062942504883,1.0,1
19,"[178.8550796508789, 0.0, 179.27136230468568, 1.823647338517754e-12, 182.3546371459961, 0.0, 187.7591781616211, 0.0, 192.60504150390625, 0.0, 196.07442474365234, 0.0, 99.36782836914062, 100.569091796875, 101.7304458618164, 102.80198669433594, 103.95992279052734]","[89.41023254394531, 0.0, 89.75374603271302, 0.0, 91.80493927001953, 0.0, 94.17191314697266, 0.0, 96.74788665771484, 0.0, 98.07381439208984, 0.0, 0.0, 0.0, 0.0, 0.0, 0.0]","[1.0, 0.0, 1.0, 0.0, 1.0, 0.0, 1.0, 0.0, 1.0, 0.0, 1.0, 0.0, 1.0, 1.0, 1.0, 1.0, 1.0]","[89.4448471069336, 89.41023254394531, 89.51761627197266, 89.75374603271484, 90.54969787597656, 91.80493927001953, 93.58726501464844, 94.17191314697266, 95.8571548461914, 96.74788665771484, 98.0006103515625, 98.07381439208984, 99.36782836914062, 100.569091796875, 101.7304458618164, 102.80198669433594, 103.95992279052734]",35826.905044555664,35826.905044555664,0.007999897003173828,1.0,1
20,"[178.8919906616211, 0.0, 178.8445892333964, 2.0402142281461292e-12, 181.94896697998047, 0.0, 186.59192657470703, 0.0, 193.00841522216797, 0.0, 195.17999267578125, 0.0, 98.98015594482422, 100.62517547607422, 101.71173095703125, 102.84873962402344, 103.70191955566406]","[89.43794250488281, 0.0, 89.63645172118936, 0.0, 91.46800231933594, 0.0, 93.78056335449219, 0.0, 97.07059478759766, 0.0, 97.57372283935547, 0.0, 0.0, 0.0, 0.0, 0.0, 0.0]","[1.0, 0.0, 1.0, 0.0, 1.0, 0.0, 1.0, 0.0, 1.0, 0.0, 1.0, 0.0, 1.0, 1.0, 1.0, 1.0, 1.0]","[89.45404815673828, 89.43794250488281, 89.20813751220703, 89.6364517211914, 90.48096466064453, 91.46800231933594, 92.81136322021484, 93.78056335449219, 95.93782043457031, 97.07059478759766, 97.60626983642578, 97.57372283935547, 98.98015594482422, 100.62517547607422, 101.71173095703125, 102.84873962402344, 103.70191955566406]",35764.60661315918,35764.60661315918,0.008999824523925781,1.0,1
21,"[178.66842651367188, 0.0, 180.3777313232406, 1.5999847577470516e-12, 182.92909240722656, 0.0, 187.1984634399414, 0.0, 191.37171936035156, 0.0, 196.1938705444336, 0.0, 99.25029754638672, 100.63461303710938, 102.17070770263672, 102.6801528930664, 103.49760437011719]","[89.47077178955078, 0.0, 90.63210296630699, 0.0, 91.9056396484375, 0.0, 93.96039581298828, 0.0, 96.48186492919922, 0.0, 98.5104751586914, 0.0, 0.0, 0.0, 0.0, 0.0, 0.0]","[1.0, 0.0, 1.0, 0.0, 1.0, 0.0, 1.0, 0.0, 1.0, 0.0, 1.0, 0.0, 1.0, 1.0, 1.0, 1.0, 1.0]","[89.1976547241211, 89.47077178955078, 89.7456283569336, 90.6321029663086, 91.02345275878906, 91.9056396484375, 93.23806762695312, 93.96039581298828, 94.88985443115234, 96.48186492919922, 97.68339538574219, 98.5104751586914, 99.25029754638672, 100.63461303710938, 102.17070770263672, 102.6801528930664, 103.49760437011719]",35821.37608337402,35821.37608337402,0.009000062942504883,1.0,1
22,"[178.54639434814453, 0.0, 179.61168670654115, 1.8181538029910462e-12, 183.8492202758789, 0.0, 187.72513580322266, 0.0, 192.29235076904297, 0.0, 196.01666259765625, 0.0, 99.56299591064453, 100.47511291503906, 101.68912506103516, 102.82940673828125, 104.15372467041016]","[89.4786376953125, 0.0, 89.97506713867006, 0.0, 92.28968048095703, 0.0, 94.13216400146484, 0.0, 96.47872161865234, 0.0, 98.62025451660156, 0.0, 0.0, 0.0, 0.0, 0.0, 0.0]","[1.0, 0.0, 1.0, 0.0, 1.0, 0.0, 1.0, 0.0, 1.0, 0.0, 1.0, 0.0, 1.0, 1.0, 1.0, 1.0, 1.0]","[89.06775665283203, 89.4786376953125, 89.6366195678711, 89.97506713867188, 91.55953979492188, 92.28968048095703, 93.59297180175781, 94.13216400146484, 95.81362915039062, 96.47872161865234, 97.39640808105469, 98.62025451660156, 99.56299591064453, 100.47511291503906, 101.68912506103516, 102.82940673828125, 104.15372467041016]",35856.98536682129,35856.98536682129,0.008999824523925781,1.0,1
23,"[179.1927947998047, 0.0, 180.89469909667787, 1.8231441588816864e-12, 183.52941131591797, 0.0, 186.98377227783203, 0.0, 191.1042022705078, 0.0, 195.69517517089844, 0.0, 99.65274047851562, 100.86808776855469, 102.0704345703125, 103.24154663085938, 104.36300659179688]","[89.74746704101562, 0.0, 90.72058105468568, 0.0, 92.14838409423828, 0.0, 93.96939849853516, 0.0, 96.10163879394531, 0.0, 98.44209289550781, 0.0, 0.0, 0.0, 0.0, 0.0, 0.0]","[1.0, 0.0, 1.0, 0.0, 1.0, 0.0, 1.0, 0.0, 1.0, 0.0, 1.0, 0.0, 1.0, 1.0, 1.0, 1.0, 1.0]","[89.44532775878906, 89.74746704101562, 90.17411804199219, 90.7205810546875, 91.38102722167969, 92.14838409423828, 93.01437377929688, 93.96939849853516, 95.0025634765625, 96.10163879394531, 97.25308227539062, 98.44209289550781, 99.65274047851562, 100.86808776855469, 102.0704345703125, 103.24154663085938, 104.36300659179688]",35874.17654418945,35874.17654418945,0.008999824523925781,1.0,1
24,"[179.94121551513672, 0.0, 179.86412811279115, 1.8293560492065536e-12, 185.23114776611328, 0.0, 186.8175811767578, 0.0, 192.7241668701172, 0.0, 195.5760726928711, 0.0, 99.44918060302734, 100.95173645019531, 101.3763427734375, 101.74996948242188, 103.708740234375]","[90.21327209472656, 0.0, 90.03474426269348, 0.0, 92.98816680908203, 0.0, 93.66413879394531, 0.0, 96.95333099365234, 0.0, 98.11302947998047, 0.0, 0.0, 0.0, 0.0, 0.0, 0.0]","[1.0, 0.0, 1.0, 0.0, 1.0, 0.0, 1.0, 0.0, 1.0, 0.0, 1.0, 0.0, 1.0, 1.0, 1.0, 1.0, 1.0]","[89.72794342041016, 90.21327209472656, 89.82938385009766, 90.03474426269531, 92.24298095703125, 92.98816680908203, 93.1534423828125, 93.66413879394531, 95.77083587646484, 96.95333099365234, 97.46304321289062, 98.11302947998047, 99.44918060302734, 100.95173645019531, 101.3763427734375, 101.74996948242188, 103.708740234375]",35871.738998413086,35871.738998413086,0.009000062942504883,1.0,1
25,"[178.1730728149414, 0.0, 180.05199432372865, 1.815337632441586e-12, 182.8536834716797, 0.0, 187.79824829101562, 0.0, 192.89601135253906, 0.0, 195.35041046142578, 0.0, 99.7021484375, 100.37267303466797, 101.77041625976562, 103.11398315429688, 103.95106506347656]","[88.74201202392578, 0.0, 90.33207702636537, 0.0, 91.77275085449219, 0.0, 94.16624450683594, 0.0, 96.79573059082031, 0.0, 98.46243286132812, 0.0, 0.0, 0.0, 0.0, 0.0, 0.0]","[1.0, 0.0, 1.0, 0.0, 1.0, 0.0, 1.0, 0.0, 1.0, 0.0, 1.0, 0.0, 1.0, 1.0, 1.0, 1.0, 1.0]","[89.43106079101562, 88.74201202392578, 89.71991729736328, 90.33207702636719, 91.0809326171875, 91.77275085449219, 93.63200378417969, 94.16624450683594, 96.10028076171875, 96.79573059082031, 96.88797760009766, 98.46243286132812, 99.7021484375, 100.37267303466797, 101.77041625976562, 103.11398315429688, 103.95106506347656]",35841.21662902832,35841.21662902832,0.009000062942504883,1.0,1
26,"[179.45497131347656, 0.0, 180.04736328124818, 1.8252766357503884e-12, 184.9297866821289, 0.0, 188.29083251953125, 0.0, 193.24932861328125, 0.0, 194.49002838134766, 0.0, 99.75665283203125, 100.75556945800781, 101.56369018554688, 103.08819580078125, 103.83711242675781]","[89.51132202148438, 0.0, 90.32759857177552, 0.0, 94.03942108154297, 0.0, 94.7246322631836, 0.0, 97.55329895019531, 0.0, 97.94255828857422, 0.0, 0.0, 0.0, 0.0, 0.0, 0.0]","[1.0, 0.0, 1.0, 0.0, 1.0, 0.0, 1.0, 0.0, 1.0, 0.0, 1.0, 0.0, 1.0, 1.0, 1.0, 1.0, 1.0]","[89.94364929199219, 89.51132202148438, 89.71976470947266, 90.32759857177734, 90.89036560058594, 94.03942108154297, 93.56620025634766, 94.7246322631836, 95.69602966308594, 97.55329895019531, 96.54747009277344, 97.94255828857422, 99.75665283203125, 100.75556945800781, 101.56369018554688, 103.08819580078125, 103.83711242675781]",35917.46829223633,35917.46829223633,0.009000062942504883,1.0,1
27,"[179.2084503173828, 0.0, 180.91082763671693, 1.8132308564390896e-12, 183.54367065429688, 0.0, 186.99436950683594, 0.0, 191.1101837158203, 0.0, 195.6965103149414, 0.0, 99.65188598632812, 100.86642456054688, 102.06815338134766, 103.23884582519531, 104.36006927490234]","[89.75550842285156, 0.0, 90.72855377197084, 0.0, 92.1551513671875, 0.0, 93.97415924072266, 0.0, 96.1040267944336, 0.0, 98.44221496582031, 0.0, 0.0, 0.0, 0.0, 0.0, 0.0]","[1.0, 0.0, 1.0, 0.0, 1.0, 0.0, 1.0, 0.0, 1.0, 0.0, 1.0, 0.0, 1.0, 1.0, 1.0, 1.0, 1.0]","[89.45294189453125, 89.75550842285156, 90.1822738647461, 90.72855377197266, 91.38851928710938, 92.1551513671875, 93.02021026611328, 93.97415924072266, 95.00615692138672, 96.1040267944336, 97.2542953491211, 98.44221496582031, 99.65188598632812, 100.86642456054688, 102.06815338134766, 103.23884582519531, 104.36006927490234]",35875.307052612305,35875.307052612305,0.007999897003173828,1.0,1
28,"[177.52635955810547, 0.0, 178.20978546142373, 2.0469866327124988e-12, 181.6315689086914, 0.0, 187.09574127197266, 0.0, 191.6875457763672, 0.0, 195.8896713256836, 0.0, 98.93612670898438, 100.015380859375, 102.11714172363281, 102.85025024414062, 103.23119354248047]","[88.37688446044922, 0.0, 89.49740600585733, 0.0, 91.3243179321289, 0.0, 93.66366577148438, 0.0, 96.41831970214844, 0.0, 97.98217010498047, 0.0, 0.0, 0.0, 0.0, 0.0, 0.0]","[1.0, 0.0, 1.0, 0.0, 1.0, 0.0, 1.0, 0.0, 1.0, 0.0, 1.0, 0.0, 1.0, 1.0, 1.0, 1.0, 1.0]","[89.14947509765625, 88.37688446044922, 88.7123794555664, 89.49740600585938, 90.3072509765625, 91.3243179321289, 93.43207550048828, 93.66366577148438, 95.26922607421875, 96.41831970214844, 97.90750122070312, 97.98217010498047, 98.93612670898438, 100.015380859375, 102.11714172363281, 102.85025024414062, 103.23119354248047]",35698.34083557129,35698.34083557129,0.009000062942504883,1.0,1
29,"[178.21470642089844, 0.0, 179.7959442138656, 1.582989927865398e-12, 183.87020874023438, 0.0, 186.02912139892578, 0.0, 191.69811248779297, 0.0, 195.73507690429688, 0.0, 99.52116394042969, 100.7070083618164, 101.71372985839844, 102.97722625732422, 104.178466796875]","[88.9212417602539, 0.0, 90.23690032958827, 0.0, 92.1590805053711, 0.0, 92.81353759765625, 0.0, 95.95890045166016, 0.0, 98.01837921142578, 0.0, 0.0, 0.0, 0.0, 0.0, 0.0]","[1.0, 0.0, 1.0, 0.0, 1.0, 0.0, 1.0, 0.0, 1.0, 0.0, 1.0, 0.0, 1.0, 1.0, 1.0, 1.0, 1.0]","[89.29346466064453, 88.9212417602539, 89.55904388427734, 90.23690032958984, 91.71112823486328, 92.1590805053711, 93.21558380126953, 92.81353759765625, 95.73921203613281, 95.95890045166016, 97.7166976928711, 98.01837921142578, 99.52116394042969, 100.7070083618164, 101.71372985839844, 102.97722625732422, 104.178466796875]",35805.0313873291,35805.0313873291,0.008999824523925781,1.0,1
30,"[178.1968383789058, 0.0, 180.66213226318177, 0.0, 183.22500610351887, 0.0, 186.62250518799243, 0.0, 192.02902221680233, 0.0, 196.64852142334547, 0.0, 99.58674621582328, 100.79808807373047, 102.18204498291016, 102.8331527709961, 103.98722839355469]","[89.10888671874955, 0.0, 90.31594848632629, 0.0, 92.19063568115376, 0.0, 93.4480590820331, 0.0, 96.89853668213155, 0.0, 98.7436981201199, 0.0, 0.0, 0.0, 0.0, 0.0, 0.0]","[1.0, 0.0, 1.0, 0.0, 1.0, 0.0, 1.0, 0.0, 1.0, 0.0, 1.0, 0.0, 1.0, 1.0, 1.0, 1.0, 1.0]","[89.08795166015625, 89.10888671875, 90.34618377685547, 90.31594848632812, 91.03437042236328, 92.19063568115234, 93.17444610595703, 93.44805908203125, 95.13048553466797, 96.8985366821289, 97.90482330322266, 98.74369812011719, 99.58674621582031, 100.79808807373047, 102.18204498291016, 102.8331527709961, 103.98722839355469]",35856.83724975625,35856.83724975584,0.009000062942504883,1.0,1
31,"[178.7863998413086, 0.0, 179.59041595458825, 1.5891632163819585e-12, 181.9579620361328, 0.0, 188.07269287109375, 0.0, 192.13937377929688, 0.0, 195.46705627441406, 0.0, 99.546142578125, 100.47764587402344, 101.64247131347656, 102.96566009521484, 104.06370544433594]","[89.44009399414062, 0.0, 90.01903533935388, 0.0, 91.47563934326172, 0.0, 94.04692840576172, 0.0, 96.48750305175781, 0.0, 98.0911636352539, 0.0, 0.0, 0.0, 0.0, 0.0, 0.0]","[1.0, 0.0, 1.0, 0.0, 1.0, 0.0, 1.0, 0.0, 1.0, 0.0, 1.0, 0.0, 1.0, 1.0, 1.0, 1.0, 1.0]","[89.34630584716797, 89.44009399414062, 89.57138061523438, 90.01903533935547, 90.4823226928711, 91.47563934326172, 94.02576446533203, 94.04692840576172, 95.65187072753906, 96.48750305175781, 97.37589263916016, 98.0911636352539, 99.546142578125, 100.47764587402344, 101.64247131347656, 102.96566009521484, 104.06370544433594]",35813.3112487793,35813.3112487793,0.007999897003173828,1.0,1
32,"[178.64151000976562, 0.0, 180.55376434326013, 1.5863301798327477e-12, 183.0369873046875, 0.0, 186.71305084228516, 0.0, 193.80996704101562, 0.0, 196.50719451904297, 0.0, 198.92166137695312, 0.0, 101.56369018554688, 102.66212463378906, 103.79650115966797]","[89.23807525634766, 0.0, 91.00337219238122, 0.0, 92.24121856689453, 0.0, 92.57537841796875, 0.0, 97.7166748046875, 0.0, 98.2845458984375, 0.0, 99.77545166015625, 0.0, 0.0, 0.0, 0.0]","[1.0, 0.0, 1.0, 0.0, 1.0, 0.0, 1.0, 0.0, 1.0, 0.0, 1.0, 0.0, 1.0, 0.0, 1.0, 1.0, 1.0]","[89.40343475341797, 89.23807525634766, 89.5503921508789, 91.00337219238281, 90.79576873779297, 92.24121856689453, 94.1376724243164, 92.57537841796875, 96.09329223632812, 97.7166748046875, 98.22264862060547, 98.2845458984375, 99.14620971679688, 99.77545166015625, 101.56369018554688, 102.66212463378906, 103.79650115966797]",35845.79846191406,35845.79846191406,0.00800013542175293,1.0,1
33,"[180.1040649414056, 0.0, 178.78444671630677, 0.0, 182.77237701416334, 0.0, 187.07649230957452, 0.0, 192.8192825317438, 0.0, 195.67685699463448, 0.0, 99.5364837646514, 100.45951080322266, 101.94239807128906, 102.8626937866211, 103.82581329345703]","[89.93746185302669, 0.0, 89.27738952636537, 0.0, 92.15306854248185, 0.0, 94.15112304687689, 0.0, 96.68321990967063, 0.0, 98.02822113037378, 0.0, 0.0, 0.0, 0.0, 0.0, 0.0]","[1.0, 0.0, 1.0, 0.0, 1.0, 0.0, 1.0, 0.0, 1.0, 0.0, 1.0, 0.0, 1.0, 1.0, 1.0, 1.0, 1.0]","[90.1666030883789, 89.93746185302734, 89.5070571899414, 89.27738952636719, 90.61930847167969, 92.15306854248047, 92.92536926269531, 94.151123046875, 96.13606262207031, 96.68321990966797, 97.64863586425781, 98.0282211303711, 99.53648376464844, 100.45951080322266, 101.94239807128906, 102.8626937866211, 103.82581329345703]",35837.66937255899,35837.66937255899,0.007999897003173828,1.0,1
34,"[178.77017974853516, 0.0, 179.75679779052575, 1.583779349699057e-12, 184.41207885742188, 0.0, 188.52851104736328, 0.0, 191.73401641845703, 0.0, 196.29352569580078, 0.0, 99.76702880859375, 100.51043701171875, 101.66416931152344, 103.07659912109375, 104.18558502197266]","[89.64761352539062, 0.0, 90.28190612792811, 0.0, 92.82280731201172, 0.0, 94.73286437988281, 0.0, 96.32300567626953, 0.0, 98.75672149658203, 0.0, 0.0, 0.0, 0.0, 0.0, 0.0]","[1.0, 0.0, 1.0, 0.0, 1.0, 0.0, 1.0, 0.0, 1.0, 0.0, 1.0, 0.0, 1.0, 1.0, 1.0, 1.0, 1.0]","[89.12256622314453, 89.64761352539062, 89.47489166259766, 90.28190612792969, 91.58927154541016, 92.82280731201172, 93.79564666748047, 94.73286437988281, 95.4110107421875, 96.32300567626953, 97.53680419921875, 98.75672149658203, 99.76702880859375, 100.51043701171875, 101.66416931152344, 103.07659912109375, 104.18558502197266]",35899.10841369629,35899.10841369629,0.009000062942504883,1.0,1
35,"[178.65766906738259, 0.0, 178.97603607177552, 0.0, 182.14245605469074, 0.0, 186.99365234375426, 0.0, 192.1709899902399, 0.0, 195.80651092529857, 0.0, 99.580940246585, 100.72128295898438, 101.57107543945312, 102.86328887939453, 104.1583251953125]","[89.16148376464821, 0.0, 89.47344970702943, 0.0, 91.55492401123188, 0.0, 94.71645355224803, 0.0, 96.49054718017841, 0.0, 98.3999023437527, 0.0, 0.0, 0.0, 0.0, 0.0, 0.0]","[1.0, 0.0, 1.0, 0.0, 1.0, 0.0, 1.0, 0.0, 1.0, 0.0, 1.0, 0.0, 1.0, 1.0, 1.0, 1.0, 1.0]","[89.49618530273438, 89.16148376464844, 89.5025863647461, 89.47344970703125, 90.58753204345703, 91.55492401123047, 92.2771987915039, 94.7164535522461, 95.6804428100586, 96.49054718017578, 97.40660858154297, 98.39990234375, 99.58094024658203, 100.72128295898438, 101.57107543945312, 102.86328887939453, 104.1583251953125]",35792.4380645756,35792.43806457518,0.009000062942504883,1.0,1
36,"[178.81974029541016, 0.0, 179.23488616943155, 2.044334838355268e-12, 182.78439331054688, 0.0, 184.86163330078125, 0.0, 192.85256958007812, 0.0, 196.12489318847656, 0.0, 98.87561798095703, 100.66365051269531, 102.07404327392578, 102.78433227539062, 103.94408416748047]","[89.27410888671875, 0.0, 89.81751251220498, 0.0, 92.26045989990234, 0.0, 93.10260009765625, 0.0, 96.87909698486328, 0.0, 97.5818862915039, 0.0, 0.0, 0.0, 0.0, 0.0, 0.0]","[1.0, 0.0, 1.0, 0.0, 1.0, 0.0, 1.0, 0.0, 1.0, 0.0, 1.0, 0.0, 1.0, 1.0, 1.0, 1.0, 1.0]","[89.5456314086914, 89.27410888671875, 89.41737365722656, 89.81751251220703, 90.52393341064453, 92.26045989990234, 91.759033203125, 93.10260009765625, 95.97347259521484, 96.87909698486328, 98.54300689697266, 97.5818862915039, 98.87561798095703, 100.66365051269531, 102.07404327392578, 102.78433227539062, 103.94408416748047]",35778.22821044922,35778.22821044922,0.009000062942504883,1.0,1
37,"[178.31407928466797, 0.0, 179.10067749023256, 1.822151303599124e-12, 182.82998657226562, 0.0, 187.41787719726562, 0.0, 192.4542694091797, 0.0, 196.24504852294922, 0.0, 99.5119857788086, 100.7435073852539, 101.24494934082031, 102.91423797607422, 104.30667877197266]","[89.33135223388672, 0.0, 89.6801071166974, 0.0, 91.42691802978516, 0.0, 94.56906127929688, 0.0, 96.7621078491211, 0.0, 98.4118881225586, 0.0, 0.0, 0.0, 0.0, 0.0, 0.0]","[1.0, 0.0, 1.0, 0.0, 1.0, 0.0, 1.0, 0.0, 1.0, 0.0, 1.0, 0.0, 1.0, 1.0, 1.0, 1.0, 1.0]","[88.98272705078125, 89.33135223388672, 89.42057037353516, 89.68010711669922, 91.40306854248047, 91.42691802978516, 92.84881591796875, 94.56906127929688, 95.6921615600586, 96.7621078491211, 97.83316040039062, 98.4118881225586, 99.5119857788086, 100.7435073852539, 101.24494934082031, 102.91423797607422, 104.30667877197266]",35822.02882385254,35822.02882385254,0.009999990463256836,1.0,1
38,"[178.4574737548828, 0.0, 180.37753295898278, 1.5983405713139583e-12, 183.23388671875, 0.0, 187.56370544433594, 0.0, 191.0821533203125, 0.0, 196.09139251708984, 0.0, 99.47371673583984, 100.31961822509766, 101.74974060058594, 102.95157623291016, 103.86277770996094]","[89.07567596435547, 0.0, 90.53895568847497, 0.0, 91.83363342285156, 0.0, 94.06558227539062, 0.0, 96.14900970458984, 0.0, 98.52434539794922, 0.0, 0.0, 0.0, 0.0, 0.0, 0.0]","[1.0, 0.0, 1.0, 0.0, 1.0, 0.0, 1.0, 0.0, 1.0, 0.0, 1.0, 0.0, 1.0, 1.0, 1.0, 1.0, 1.0]","[89.38179779052734, 89.07567596435547, 89.83857727050781, 90.53895568847656, 91.40025329589844, 91.83363342285156, 93.49812316894531, 94.06558227539062, 94.93314361572266, 96.14900970458984, 97.56704711914062, 98.52434539794922, 99.47371673583984, 100.31961822509766, 101.74974060058594, 102.95157623291016, 103.86277770996094]",35823.64588928223,35823.64588928223,0.008999824523925781,1.0,1
39,"[179.1801528930664, 0.0, 180.88008880615052, 1.8129216743146918e-12, 183.5140380859375, 0.0, 186.9698944091797, 0.0, 191.09471893310547, 0.0, 195.69300079345703, 0.0, 99.65515899658203, 100.87312316894531, 102.07817840576172, 103.25199890136719, 104.37605285644531]","[89.7408676147461, 0.0, 90.71308135986146, 0.0, 92.1407241821289, 0.0, 93.96282196044922, 0.0, 96.0976333618164, 0.0, 98.44208526611328, 0.0, 0.0, 0.0, 0.0, 0.0, 0.0]","[1.0, 0.0, 1.0, 0.0, 1.0, 0.0, 1.0, 0.0, 1.0, 0.0, 1.0, 0.0, 1.0, 1.0, 1.0, 1.0, 1.0]","[89.43928527832031, 89.7408676147461, 90.16700744628906, 90.71308135986328, 91.3733139038086, 92.1407241821289, 93.00707244873047, 93.96282196044922, 94.99708557128906, 96.0976333618164, 97.25091552734375, 98.44208526611328, 99.65515899658203, 100.87312316894531, 102.07817840576172, 103.25199890136719, 104.37605285644531]",35873.522552490234,35873.522552490234,0.007999897003173828,1.0,1
40,"[178.33586883544922, 0.0, 179.25582885742006, 1.8145308048013792e-12, 183.32660675048828, 0.0, 188.3041000366211, 0.0, 192.35370635986328, 0.0, 196.3263397216797, 0.0, 99.12577819824219, 100.47837829589844, 101.50018310546875, 102.74703216552734, 104.52703857421875]","[89.02528381347656, 0.0, 89.79575347900209, 0.0, 91.4217758178711, 0.0, 94.2757568359375, 0.0, 96.00857543945312, 0.0, 97.80042266845703, 0.0, 0.0, 0.0, 0.0, 0.0, 0.0]","[1.0, 0.0, 1.0, 0.0, 1.0, 0.0, 1.0, 0.0, 1.0, 0.0, 1.0, 0.0, 1.0, 1.0, 1.0, 1.0, 1.0]","[89.31058502197266, 89.02528381347656, 89.46007537841797, 89.7957534790039, 91.90483093261719, 91.4217758178711, 94.0283432006836, 94.2757568359375, 96.34513092041016, 96.00857543945312, 98.52591705322266, 97.80042266845703, 99.12577819824219, 100.47837829589844, 101.50018310546875, 102.74703216552734, 104.52703857421875]",35842.27235412598,35842.27235412598,0.008999824523925781,1.0,1
41,"[176.76353454589844, 0.0, 177.45831298827943, 1.8083966864040814e-12, 182.18507385253906, 0.0, 187.1363296508789, 0.0, 192.57987213134766, 0.0, 196.56000518798828, 0.0, 99.87352752685547, 100.95452880859375, 101.94442749023438, 103.20417785644531, 104.07516479492188]","[87.89840698242188, 0.0, 89.00306701659976, 0.0, 91.4701919555664, 0.0, 93.84750366210938, 0.0, 97.02017974853516, 0.0, 98.48299407958984, 0.0, 0.0, 0.0, 0.0, 0.0, 0.0]","[1.0, 0.0, 1.0, 0.0, 1.0, 0.0, 1.0, 0.0, 1.0, 0.0, 1.0, 0.0, 1.0, 1.0, 1.0, 1.0, 1.0]","[88.86512756347656, 87.89840698242188, 88.45524597167969, 89.00306701660156, 90.71488189697266, 91.4701919555664, 93.28882598876953, 93.84750366210938, 95.5596923828125, 97.02017974853516, 98.07701110839844, 98.48299407958984, 99.87352752685547, 100.95452880859375, 101.94442749023438, 103.20417785644531, 104.07516479492188]",35770.143783569336,35770.143783569336,0.007999897003173828,1.0,1
42,"[178.59356689453125, 0.0, 179.3773727416974, 1.824195874359616e-12, 182.2979965209961, 0.0, 187.53907775878906, 0.0, 193.36544799804688, 0.0, 196.01667022705078, 0.0, 99.30687713623047, 100.68092346191406, 101.59907531738281, 102.91415405273438, 104.15416717529297]","[89.41374206542969, 0.0, 89.78074645995912, 0.0, 92.04802703857422, 0.0, 94.76947784423828, 0.0, 96.6776351928711, 0.0, 98.64679718017578, 0.0, 0.0, 0.0, 0.0, 0.0, 0.0]","[1.0, 0.0, 1.0, 0.0, 1.0, 0.0, 1.0, 0.0, 1.0, 0.0, 1.0, 0.0, 1.0, 1.0, 1.0, 1.0, 1.0]","[89.17982482910156, 89.41374206542969, 89.59662628173828, 89.78074645996094, 90.24996948242188, 92.04802703857422, 92.76959991455078, 94.76947784423828, 96.68781280517578, 96.6776351928711, 97.369873046875, 98.64679718017578, 99.30687713623047, 100.68092346191406, 101.59907531738281, 102.91415405273438, 104.15416717529297]",35839.57943725586,35839.57943725586,0.009000062942504883,1.0,1
43,"[179.01219177246094, 0.0, 180.64397430419763, 1.5910421934122556e-12, 183.5725555419922, 0.0, 187.76345825195312, 0.0, 191.614013671875, 0.0, 195.80308532714844, 0.0, 99.6207504272461, 100.81023406982422, 102.0063247680664, 103.18660736083984, 104.3280029296875]","[89.6586685180664, 0.0, 90.6959686279281, 0.0, 92.08930969238281, 0.0, 94.43843078613281, 0.0, 96.29324340820312, 0.0, 98.4589614868164, 0.0, 0.0, 0.0, 0.0, 0.0, 0.0]","[1.0, 0.0, 1.0, 0.0, 1.0, 0.0, 1.0, 0.0, 1.0, 0.0, 1.0, 0.0, 1.0, 1.0, 1.0, 1.0, 1.0]","[89.35352325439453, 89.6586685180664, 89.94800567626953, 90.69596862792969, 91.48324584960938, 92.08930969238281, 93.32502746582031, 94.43843078613281, 95.32077026367188, 96.29324340820312, 97.34412384033203, 98.4589614868164, 99.6207504272461, 100.81023406982422, 102.0063247680664, 103.18660736083984, 104.3280029296875]",35890.49313354492,35890.49313354492,0.00800013542175293,1.0,1
44,"[179.1899642944336, 0.0, 180.88639831542764, 2.0446345026135637e-12, 183.5172576904297, 0.0, 186.9704360961914, 0.0, 191.09276580810547, 0.0, 195.68834686279297, 0.0, 99.6516342163086, 100.86865234375, 102.0726318359375, 103.2452621459961, 104.36800384521484]","[89.74532318115234, 0.0, 90.71582031249795, 0.0, 92.14197540283203, 0.0, 93.96277618408203, 0.0, 96.09634399414062, 0.0, 98.43939208984375, 0.0, 0.0, 0.0, 0.0, 0.0, 0.0]","[1.0, 0.0, 1.0, 0.0, 1.0, 0.0, 1.0, 0.0, 1.0, 0.0, 1.0, 0.0, 1.0, 1.0, 1.0, 1.0, 1.0]","[89.44464111328125, 89.74532318115234, 90.17057800292969, 90.7158203125, 91.37528228759766, 92.14197540283203, 93.00765991210938, 93.96277618408203, 94.99642181396484, 96.09634399414062, 97.24895477294922, 98.43939208984375, 99.6516342163086, 100.86865234375, 102.0726318359375, 103.2452621459961, 104.36800384521484]",35873.2303314209,35873.2303314209,0.009999990463256836,1.0,1
45,"[177.12056732177734, 0.0, 176.67153167724405, 2.047304696460266e-12, 181.83362579345703, 0.0, 188.14549255371094, 0.0, 192.17391967773438, 0.0, 197.5533218383789, 0.0, 99.32319641113281, 101.0262451171875, 101.64314270019531, 102.36444091796875, 104.49122619628906]","[88.19129943847656, 0.0, 88.65052032470498, 0.0, 91.85958099365234, 0.0, 94.58509826660156, 0.0, 97.05319213867188, 0.0, 98.85997772216797, 0.0, 0.0, 0.0, 0.0, 0.0, 0.0]","[1.0, 0.0, 1.0, 0.0, 1.0, 0.0, 1.0, 0.0, 1.0, 0.0, 1.0, 0.0, 1.0, 1.0, 1.0, 1.0, 1.0]","[88.92926788330078, 88.19129943847656, 88.02101135253906, 88.65052032470703, 89.97404479980469, 91.85958099365234, 93.56039428710938, 94.58509826660156, 95.1207275390625, 97.05319213867188, 98.69334411621094, 98.85997772216797, 99.32319641113281, 101.0262451171875, 101.64314270019531, 102.36444091796875, 104.49122619628906]",35765.33354187012,35765.33354187012,0.008999824523925781,1.0,1
46,"[178.70288848876953, 0.0, 179.5500793457013, 1.81993208298902e-12, 183.47198486328125, 0.0, 186.64481353759766, 0.0, 190.95691680908203, 0.0, 197.45313262939453, 0.0, 99.30860137939453, 100.71772003173828, 102.04142761230469, 103.10345458984375, 103.98786163330078]","[89.48112487792969, 0.0, 90.06307983398256, 0.0, 91.7926254272461, 0.0, 94.01529693603516, 0.0, 96.02035522460938, 0.0, 99.10189819335938, 0.0, 0.0, 0.0, 0.0, 0.0, 0.0]","[1.0, 0.0, 1.0, 0.0, 1.0, 0.0, 1.0, 0.0, 1.0, 0.0, 1.0, 0.0, 1.0, 1.0, 1.0, 1.0, 1.0]","[89.22176361083984, 89.48112487792969, 89.48699951171875, 90.06307983398438, 91.67935943603516, 91.7926254272461, 92.6295166015625, 94.01529693603516, 94.93656158447266, 96.02035522460938, 98.35123443603516, 99.10189819335938, 99.30860137939453, 100.71772003173828, 102.04142761230469, 103.10345458984375, 103.98786163330078]",35839.72637939453,35839.72637939453,0.009000062942504883,1.0,1
47,"[178.4726104736326, 0.0, 180.6440734863263, 0.0, 184.36328125000318, 0.0, 188.86290740967212, 0.0, 192.37971496582568, 0.0, 196.07559967041607, 0.0, 99.5630340576203, 100.8084716796875, 101.91828155517578, 103.07752227783203, 104.21691131591797]","[89.11079406738261, 0.0, 90.32970428466615, 0.0, 92.71885681152483, 0.0, 94.4655380249042, 0.0, 96.63134765625259, 0.0, 98.45957183838176, 0.0, 0.0, 0.0, 0.0, 0.0, 0.0]","[1.0, 0.0, 1.0, 0.0, 1.0, 0.0, 1.0, 0.0, 1.0, 0.0, 1.0, 0.0, 1.0, 1.0, 1.0, 1.0, 1.0]","[89.36181640625, 89.11079406738281, 90.31436920166016, 90.32970428466797, 91.64442443847656, 92.71885681152344, 94.39736938476562, 94.46553802490234, 95.74836730957031, 96.63134765625, 97.61602783203125, 98.4595718383789, 99.56303405761719, 100.8084716796875, 101.91828155517578, 103.07752227783203, 104.21691131591797]",35931.079788208415,35931.07978820799,0.009000062942504883,1.0,1
48,"[178.25847625732422, 0.0, 178.93888854980287, 1.8244158156933106e-12, 182.5082550048828, 0.0, 187.45623016357422, 0.0, 192.73793029785156, 0.0, 196.75397491455078, 0.0, 200.42328643798828, 0.0, 101.42284393310547, 103.06820678710938, 103.54949188232422]","[88.93695831298828, 0.0, 89.79157257079896, 0.0, 92.18102264404297, 0.0, 93.5608139038086, 0.0, 97.3088150024414, 0.0, 98.89075469970703, 0.0, 99.91659545898438, 0.0, 0.0, 0.0, 0.0]","[1.0, 0.0, 1.0, 0.0, 1.0, 0.0, 1.0, 0.0, 1.0, 0.0, 1.0, 0.0, 1.0, 0.0, 1.0, 1.0, 1.0]","[89.32151794433594, 88.93695831298828, 89.1473159790039, 89.79157257080078, 90.32723236083984, 92.18102264404297, 93.89541625976562, 93.5608139038086, 95.42911529541016, 97.3088150024414, 97.86322021484375, 98.89075469970703, 100.5066909790039, 99.91659545898438, 101.42284393310547, 103.06820678710938, 103.54949188232422]",35823.52474975586,35823.52474975586,0.008999824523925781,1.0,1
49,"[178.58000946044922, 0.0, 178.86858367919763, 1.584962053950672e-12, 182.44415283203125, 0.0, 186.8931121826172, 0.0, 191.3177261352539, 0.0, 196.4923858642578, 0.0, 99.28053283691406, 100.71995544433594, 101.68827819824219, 102.95301818847656, 104.19023895263672]","[88.89940643310547, 0.0, 89.781028747557, 0.0, 91.25405883789062, 0.0, 93.8272933959961, 0.0, 96.49222564697266, 0.0, 98.47809600830078, 0.0, 0.0, 0.0, 0.0, 0.0, 0.0]","[1.0, 0.0, 1.0, 0.0, 1.0, 0.0, 1.0, 0.0, 1.0, 0.0, 1.0, 0.0, 1.0, 1.0, 1.0, 1.0, 1.0]","[89.68060302734375, 88.89940643310547, 89.08755493164062, 89.7810287475586, 91.19009399414062, 91.25405883789062, 93.0658187866211, 93.8272933959961, 94.82550048828125, 96.49222564697266, 98.01428985595703, 98.47809600830078, 99.28053283691406, 100.71995544433594, 101.68827819824219, 102.95301818847656, 104.19023895263672]",35786.02409362793,35786.02409362793,0.009999990463256836,1.0,1
50,"[179.1939468383789, 0.0, 180.8943939208964, 2.054801106729975e-12, 183.52404022216797, 0.0, 186.97139739990234, 0.0, 191.0851287841797, 0.0, 195.671875, 0.0, 99.6407470703125, 100.8566665649414, 102.06019592285156, 103.23307037353516, 104.3568115234375]","[89.74813079833984, 0.0, 90.71999359130653, 0.0, 92.1448974609375, 0.0, 93.9623031616211, 0.0, 96.09136962890625, 0.0, 98.43014526367188, 0.0, 0.0, 0.0, 0.0, 0.0, 0.0]","[1.0, 0.0, 1.0, 0.0, 1.0, 0.0, 1.0, 0.0, 1.0, 0.0, 1.0, 0.0, 1.0, 1.0, 1.0, 1.0, 1.0]","[89.44581604003906, 89.74813079833984, 90.17440032958984, 90.7199935913086, 91.37914276123047, 92.1448974609375, 93.00909423828125, 93.9623031616211, 94.99375915527344, 96.09136962890625, 97.24172973632812, 98.43014526367188, 99.6407470703125, 100.8566665649414, 102.06019592285156, 103.23307037353516, 104.3568115234375]",35871.95915222168,35871.95915222168,0.009999990463256836,1.0,1
51,"[179.18599700927734, 0.0, 180.88339996337731, 1.6014352888434691e-12, 183.5128936767578, 0.0, 186.96338653564453, 0.0, 191.08319854736328, 0.0, 195.6780548095703, 0.0, 99.64715576171875, 100.865234375, 102.07077026367188, 103.24540710449219, 104.37059020996094]","[89.74362182617188, 0.0, 90.71427917480308, 0.0, 92.13951110839844, 0.0, 93.9588851928711, 0.0, 96.09132385253906, 0.0, 98.434326171875, 0.0, 0.0, 0.0, 0.0, 0.0, 0.0]","[1.0, 0.0, 1.0, 0.0, 1.0, 0.0, 1.0, 0.0, 1.0, 0.0, 1.0, 0.0, 1.0, 1.0, 1.0, 1.0, 1.0]","[89.44237518310547, 89.74362182617188, 90.16912078857422, 90.71427917480469, 91.37338256835938, 92.13951110839844, 93.00450134277344, 93.9588851928711, 94.99187469482422, 96.09132385253906, 97.24372863769531, 98.434326171875, 99.64715576171875, 100.865234375, 102.07077026367188, 103.24540710449219, 104.37059020996094]",35872.28565979004,35872.28565979004,0.007999897003173828,1.0,1
52,"[179.0319595336914, 0.0, 180.80858612060342, 2.044086538632121e-12, 183.5853500366211, 0.0, 187.06151580810547, 0.0, 191.0799560546875, 0.0, 195.609130859375, 0.0, 99.52935791015625, 100.74358367919922, 102.00086212158203, 103.23273468017578, 104.38841247558594]","[89.67156219482422, 0.0, 90.69150543212686, 0.0, 92.19751739501953, 0.0, 93.95097351074219, 0.0, 96.1133041381836, 0.0, 98.36219787597656, 0.0, 0.0, 0.0, 0.0, 0.0, 0.0]","[1.0, 0.0, 1.0, 0.0, 1.0, 0.0, 1.0, 0.0, 1.0, 0.0, 1.0, 0.0, 1.0, 1.0, 1.0, 1.0, 1.0]","[89.36039733886719, 89.67156219482422, 90.11708068847656, 90.6915054321289, 91.38783264160156, 92.19751739501953, 93.11054229736328, 93.95097351074219, 94.9666519165039, 96.1133041381836, 97.24693298339844, 98.36219787597656, 99.52935791015625, 100.74358367919922, 102.00086212158203, 103.23273468017578, 104.38841247558594]",35863.40310668945,35863.40310668945,0.007999897003173828,1.0,1
53,"[178.61441040039062, 0.0, 180.40769195556436, 2.0487880440056813e-12, 183.04930114746094, 0.0, 186.99979400634766, 0.0, 191.44972229003906, 0.0, 196.11157989501953, 0.0, 99.88546752929688, 100.5063247680664, 101.51593780517578, 103.15447998046875, 104.39385223388672]","[89.53944396972656, 0.0, 90.45448303222452, 0.0, 91.93276977539062, 0.0, 94.04035186767578, 0.0, 96.35101318359375, 0.0, 98.54337310791016, 0.0, 0.0, 0.0, 0.0, 0.0, 0.0]","[1.0, 0.0, 1.0, 0.0, 1.0, 0.0, 1.0, 0.0, 1.0, 0.0, 1.0, 0.0, 1.0, 1.0, 1.0, 1.0, 1.0]","[89.07496643066406, 89.53944396972656, 89.95320892333984, 90.45448303222656, 91.11653137207031, 91.93276977539062, 92.95944213867188, 94.04035186767578, 95.09870910644531, 96.35101318359375, 97.56820678710938, 98.54337310791016, 99.88546752929688, 100.5063247680664, 101.51593780517578, 103.15447998046875, 104.39385223388672]",35843.49411010742,35843.49411010742,0.007999897003173828,1.0,1
54,"[178.852294921875, 0.0, 179.6538085937484, 1.5907111126437247e-12, 183.36508178710938, 0.0, 189.31851959228516, 0.0, 192.69074249267578, 0.0, 195.88381958007812, 0.0, 99.77290344238281, 100.67963409423828, 102.00914001464844, 102.9079360961914, 103.88223266601562]","[89.42369079589844, 0.0, 90.10672760009606, 0.0, 92.75809478759766, 0.0, 94.67144012451172, 0.0, 97.0050048828125, 0.0, 98.59266662597656, 0.0, 0.0, 0.0, 0.0, 0.0, 0.0]","[1.0, 0.0, 1.0, 0.0, 1.0, 0.0, 1.0, 0.0, 1.0, 0.0, 1.0, 0.0, 1.0, 1.0, 1.0, 1.0, 1.0]","[89.42860412597656, 89.42369079589844, 89.54708099365234, 90.10672760009766, 90.60698699951172, 92.75809478759766, 94.64707946777344, 94.67144012451172, 95.68573760986328, 97.0050048828125, 97.29115295410156, 98.59266662597656, 99.77290344238281, 100.67963409423828, 102.00914001464844, 102.9079360961914, 103.88223266601562]",35905.43751525879,35905.43751525879,0.009000062942504883,1.0,1
55,"[179.25289154052734, 0.0, 180.8416290283185, 1.8225918058398964e-12, 183.46736907958984, 0.0, 186.9268798828125, 0.0, 191.09298706054688, 0.0, 195.71077728271484, 0.0, 99.67279815673828, 100.8924789428711, 102.08718872070312, 103.25702667236328, 104.38040924072266]","[89.77326202392578, 0.0, 90.69309234618959, 0.0, 92.1058349609375, 0.0, 93.94830322265625, 0.0, 96.10720825195312, 0.0, 98.45026397705078, 0.0, 0.0, 0.0, 0.0, 0.0, 0.0]","[1.0, 0.0, 1.0, 0.0, 1.0, 0.0, 1.0, 0.0, 1.0, 0.0, 1.0, 0.0, 1.0, 1.0, 1.0, 1.0, 1.0]","[89.47962951660156, 89.77326202392578, 90.1485366821289, 90.6930923461914, 91.36153411865234, 92.1058349609375, 92.97857666015625, 93.94830322265625, 94.98577880859375, 96.10720825195312, 97.26051330566406, 98.45026397705078, 99.67279815673828, 100.8924789428711, 102.08718872070312, 103.25702667236328, 104.38040924072266]",35873.80464172363,35873.80464172363,0.009000062942504883,1.0,1
56,"[178.62147521972656, 0.0, 180.00826263427575, 1.5876706553835154e-12, 183.19361877441406, 0.0, 186.9605712890625, 0.0, 191.16696166992188, 0.0, 196.00421142578125, 0.0, 99.72966766357422, 100.60181427001953, 101.44120788574219, 102.94120025634766, 103.9737548828125]","[89.25703430175781, 0.0, 90.50375366210778, 0.0, 91.76497650146484, 0.0, 93.82002258300781, 0.0, 96.31126403808594, 0.0, 98.16127014160156, 0.0, 0.0, 0.0, 0.0, 0.0, 0.0]","[1.0, 0.0, 1.0, 0.0, 1.0, 0.0, 1.0, 0.0, 1.0, 0.0, 1.0, 0.0, 1.0, 1.0, 1.0, 1.0, 1.0]","[89.36444091796875, 89.25703430175781, 89.50450897216797, 90.50375366210938, 91.42864227294922, 91.76497650146484, 93.14054870605469, 93.82002258300781, 94.85569763183594, 96.31126403808594, 97.84294128417969, 98.16127014160156, 99.72966766357422, 100.60181427001953, 101.44120788574219, 102.94120025634766, 103.9737548828125]",35812.49156188965,35812.49156188965,0.007999897003173828,1.0,1
57,"[178.57543182373047, 0.0, 178.6989059448224, 1.8111259303259464e-12, 183.5477066040039, 0.0, 187.76166534423828, 0.0, 192.08837890625, 0.0, 195.1330795288086, 0.0, 99.72050476074219, 100.53379821777344, 101.50914001464844, 103.02775573730469, 103.79962921142578]","[88.686279296875, 0.0, 89.62723541259585, 0.0, 92.69844055175781, 0.0, 94.33395385742188, 0.0, 96.18462371826172, 0.0, 98.4713363647461, 0.0, 0.0, 0.0, 0.0, 0.0, 0.0]","[1.0, 0.0, 1.0, 0.0, 1.0, 0.0, 1.0, 0.0, 1.0, 0.0, 1.0, 0.0, 1.0, 1.0, 1.0, 1.0, 1.0]","[89.88915252685547, 88.686279296875, 89.07167053222656, 89.62723541259766, 90.8492660522461, 92.69844055175781, 93.4277114868164, 94.33395385742188, 95.90375518798828, 96.18462371826172, 96.6617431640625, 98.4713363647461, 99.72050476074219, 100.53379821777344, 101.50914001464844, 103.02775573730469, 103.79962921142578]",35807.92366027832,35807.92366027832,0.009999990463256836,1.0,1
58,"[179.2005615234375, 0.0, 180.87198638915834, 1.822885229018598e-12, 183.55833435058594, 0.0, 186.95806121826172, 0.0, 191.0683364868164, 0.0, 195.6611557006836, 0.0, 99.64360809326172, 100.86355590820312, 102.07099151611328, 103.24747467041016, 104.37435913085938]","[89.7586441040039, 0.0, 90.7076950073224, 0.0, 92.15619659423828, 0.0, 93.9494857788086, 0.0, 96.07433319091797, 0.0, 98.42903137207031, 0.0, 0.0, 0.0, 0.0, 0.0, 0.0]","[1.0, 0.0, 1.0, 0.0, 1.0, 0.0, 1.0, 0.0, 1.0, 0.0, 1.0, 0.0, 1.0, 1.0, 1.0, 1.0, 1.0]","[89.4419174194336, 89.7586441040039, 90.16429138183594, 90.70769500732422, 91.40213775634766, 92.15619659423828, 93.00857543945312, 93.9494857788086, 94.99400329589844, 96.07433319091797, 97.23212432861328, 98.42903137207031, 99.64360809326172, 100.86355590820312, 102.07099151611328, 103.24747467041016, 104.37435913085938]",35872.519271850586,35872.519271850586,0.009000062942504883,1.0,1
59,"[179.00223541259766, 0.0, 180.15721130370912, 1.8155910432449737e-12, 183.48065948486328, 0.0, 189.3341293334961, 0.0, 193.1001434326172, 0.0, 195.62735748291016, 0.0, 99.42232513427734, 100.44876098632812, 101.65997314453125, 103.13160705566406, 103.84857940673828]","[89.5531005859375, 0.0, 90.34468841552552, 0.0, 92.36528015136719, 0.0, 94.76995086669922, 0.0, 97.0696792602539, 0.0, 98.0634765625, 0.0, 0.0, 0.0, 0.0, 0.0, 0.0]","[1.0, 0.0, 1.0, 0.0, 1.0, 0.0, 1.0, 0.0, 1.0, 0.0, 1.0, 0.0, 1.0, 1.0, 1.0, 1.0, 1.0]","[89.44913482666016, 89.5531005859375, 89.8125228881836, 90.34468841552734, 91.1153793334961, 92.36528015136719, 94.56417846679688, 94.76995086669922, 96.03046417236328, 97.0696792602539, 97.56388092041016, 98.0634765625, 99.42232513427734, 100.44876098632812, 101.65997314453125, 103.13160705566406, 103.84857940673828]",35908.59199523926,35908.59199523926,0.007999897003173828,1.0,1
